{"stats":{"minecraft:killed_by":{"minecraft:skeleton":2,"minecraft:zombie":2,"betternether:hydrogen_jellyfish":1},"minecraft:broken":{"minecraft:iron_shovel":1,"minecraft:iron_pickaxe":2},"minecraft:picked_up":{"minecraft:crafting_table":6,"minecraft:allium":15,"minecraft:chicken":2,"minecraft:smithing_table":2,"minecraft:stone_brick_stairs":3,"minecraft:string":2,"create:andesite_funnel":1,"create:water_wheel":8,"create:mechanical_press":5,"minecraft:cobbled_deepslate":49,"farmersdelight:cabbage":1,"minecraft:beef":12,"minecraft:calcite":3,"minecraft:sugar_cane":32,"minecraft:chest":1,"minecraft:birch_sapling":17,"minecraft:spruce_trapdoor":4,"farmersdelight:cabbage_seeds":3,"minecraft:furnace":5,"minecraft:stick":52,"minecraft:raw_iron":104,"minecraft:torch":5,"create:andesite_casing":15,"minecraft:porkchop":16,"minecraft:arrow":8,"minecraft:rotten_flesh":11,"minecraft:stone_shovel":1,"expandeddelight:asparagus":16,"farmersdelight:onion":8,"create:veridium":8,"minecraft:mutton":35,"minecraft:obsidian":10,"minecraft:white_wool":19,"minecraft:cobblestone":312,"minecraft:birch_log":65,"create:iron_sheet":10,"minecraft:feather":2,"minecraft:cooked_beef":1,"farmersdelight:rice":1,"minecraft:andesite":172,"minecraft:leather":9,"create:belt_connector":3,"minecraft:flint":12,"minecraft:tuff":5,"create:raw_zinc":27,"minecraft:oak_log":130,"minecraft:gunpowder":4,"minecraft:dirt":1307,"create:encased_chain_drive":10,"minecraft:bone":8,"minecraft:apple":6,"minecraft:stone_bricks":99,"minecraft:kelp":137,"minecraft:bow":1,"minecraft:wheat_seeds":15,"create:mechanical_drill":3,"minecraft:raw_gold":5,"minecraft:iron_ingot":3,"create:shaft":7,"minecraft:smooth_basalt":4,"minecraft:sweet_berries":31,"minecraft:gravel":49,"travelersbackpack:magenta_sleeping_bag":3,"minecraft:sand":27,"minecraft:spruce_sapling":9,"minecraft:white_bed":1,"minecraft:spruce_log":43,"create:gearbox":4,"minecraft:diamond":6,"minecraft:lever":1,"minecraft:granite":15,"minecraft:gray_wool":1,"minecraft:oak_sapling":102,"minecraft:coal":85,"create:white_sail":5},"minecraft:dropped":{"minecraft:iron_ingot":10,"minecraft:wheat_seeds":15,"minecraft:crafting_table":1,"minecraft:smithing_table":1,"minecraft:cobblestone":1,"minecraft:apple":1,"minecraft:flint":6,"minecraft:dirt":12,"betterend:iron_hammer":1,"minecraft:wooden_axe":1,"minecraft:wooden_sword":1,"minecraft:iron_shovel":8,"minecraft:kelp":9,"minecraft:sweet_berries":7,"minecraft:stone_sword":1,"minecraft:stone_shovel":1,"minecraft:rotten_flesh":3,"minecraft:birch_wood":3,"minecraft:flint_and_steel":1,"minecraft:stone":1,"minecraft:wooden_pickaxe":1,"minecraft:stone_pickaxe":1},"minecraft:used":{"minecraft:stone_sword":98,"minecraft:iron_shovel":574,"minecraft:flint_and_steel":1,"minecraft:dried_kelp":9,"minecraft:chest":9,"minecraft:shield":20,"minecraft:iron_sword":166,"expandeddelight:asparagus":11,"minecraft:torch":73,"minecraft:dirt":966,"create:cogwheel":9,"create:white_sail":7,"minecraft:obsidian":10,"minecraft:wooden_axe":44,"minecraft:lava_bucket":1,"create:gearbox":5,"create:millstone":2,"minecraft:stone_brick_stairs":6,"minecraft:stone_bricks":152,"create:andesite_funnel":10,"minecraft:smooth_basalt":4,"create:encased_chain_drive":17,"minecraft:beef":5,"minecraft:sweet_berries":24,"create:shaft":29,"minecraft:furnace":9,"minecraft:oak_sapling":37,"create:mechanical_drill":6,"minecraft:cooked_beef":3,"minecraft:cobbled_deepslate":5,"create:belt_connector":16,"minecraft:cooked_mutton":14,"minecraft:water_bucket":57,"minecraft:stone_pickaxe":81,"minecraft:wooden_pickaxe":5,"minecraft:sugar_cane":13,"minecraft:sand":2,"create:encased_fan":2,"minecraft:crafting_table":8,"travelersbackpack:magenta_sleeping_bag":3,"minecraft:white_bed":2,"minecraft:spruce_log":5,"minecraft:oak_log":10,"minecraft:lever":1,"minecraft:diamond_pickaxe":231,"minecraft:apple":9,"create:mechanical_press":6,"betterend:iron_hammer":7,"minecraft:iron_pickaxe":588,"create:water_wheel":12,"minecraft:spruce_trapdoor":12,"minecraft:stone_axe":118,"minecraft:wooden_sword":11,"minecraft:cobblestone":15,"travelersbackpack:standard":5,"minecraft:smithing_table":1,"minecraft:bucket":59,"create:vertical_gearbox":1,"create:large_cogwheel":6},"minecraft:crafted":{"minecraft:wooden_sword":1,"minecraft:magenta_wool":2,"minecraft:oak_planks":176,"minecraft:birch_wood":3,"minecraft:iron_nugget":144,"create:white_sail":2,"minecraft:furnace":4,"minecraft:stone":65,"minecraft:lever":1,"minecraft:cooked_mutton":14,"minecraft:flint_and_steel":1,"minecraft:glass":19,"create:andesite_funnel":10,"create:mechanical_press":1,"minecraft:stone_pickaxe":1,"minecraft:chest":9,"minecraft:stone_bricks":64,"create:belt_connector":5,"minecraft:magenta_dye":2,"create:cogwheel":12,"minecraft:cooked_beef":6,"create:andesite_alloy":53,"minecraft:crafting_table":3,"minecraft:spruce_planks":148,"minecraft:dried_kelp":56,"travelersbackpack:backpack_tank":2,"minecraft:wooden_pickaxe":1,"travelersbackpack:standard":1,"minecraft:bucket":3,"minecraft:birch_planks":12,"create:encased_chain_drive":7,"minecraft:stone_axe":1,"minecraft:air":0,"create:gearbox":2,"create:encased_fan":2,"minecraft:stone_brick_stairs":4,"minecraft:spruce_trapdoor":10,"minecraft:charcoal":32,"minecraft:diamond_pickaxe":1,"create:water_wheel":4,"minecraft:shield":1,"minecraft:stick":20,"betterend:iron_hammer":1,"minecraft:iron_ingot":74,"minecraft:iron_pickaxe":3,"minecraft:wooden_axe":1,"minecraft:iron_block":1,"minecraft:stone_sword":1,"minecraft:iron_shovel":10,"create:large_cogwheel":2,"create:propeller":2,"minecraft:white_bed":1,"create:mechanical_drill":3,"create:shaft":48,"minecraft:torch":68,"travelersbackpack:magenta_sleeping_bag":1},"minecraft:custom":{"minecraft:interact_with_smithing_table":2,"minecraft:mob_kills":89,"minecraft:interact_with_crafting_table":74,"minecraft:leave_game":4,"minecraft:time_since_death":217071,"minecraft:sprint_one_cm":480208,"minecraft:walk_one_cm":467986,"minecraft:damage_blocked_by_shield":810,"minecraft:drop":51,"minecraft:talked_to_villager":1,"minecraft:sneak_time":12078,"minecraft:play_time":413813,"minecraft:deaths":5,"minecraft:walk_under_water_one_cm":28528,"minecraft:jump":3850,"minecraft:walk_on_water_one_cm":34873,"minecraft:total_world_time":413813,"minecraft:interact_with_furnace":133,"minecraft:sleep_in_bed":18,"minecraft:time_since_rest":6169,"minecraft:damage_taken":3975,"minecraft:damage_dealt":12654,"minecraft:swim_one_cm":153745,"minecraft:player_kills":1,"minecraft:fly_one_cm":1326731,"minecraft:open_chest":101,"minecraft:crouch_one_cm":22966,"minecraft:fall_one_cm":85811},"minecraft:killed":{"minecraft:spider":5,"minecraft:skeleton":11,"minecraft:chicken":2,"minecraft:drowned":3,"betternether:hydrogen_jellyfish":1,"minecraft:piglin":1,"minecraft:pig":9,"minecraft:creeper":4,"minecraft:sheep":20,"minecraft:zombie":24,"minecraft:enderman":1,"minecraft:cow":7},"minecraft:mined":{"create:zinc_ore":19,"create:deepslate_zinc_ore":8,"minecraft:tuff":5,"minecraft:white_bed":1,"minecraft:oak_sapling":1,"minecraft:deepslate_diamond_ore":6,"create:andesite_casing":15,"minecraft:obsidian":10,"minecraft:spruce_trapdoor":4,"minecraft:lever":1,"minecraft:granite":8,"minecraft:grass_block":284,"farmersdelight:wild_cabbages":3,"minecraft:spruce_leaves":2,"create:belt":3,"minecraft:large_fern":9,"farmersdelight:wild_onions":8,"minecraft:tall_seagrass":5,"create:shaft":4,"minecraft:furnace":5,"farmersdelight:wild_rice":1,"minecraft:iron_ore":58,"create:white_sail":5,"minecraft:andesite":175,"expandeddelight:wild_asparagus":17,"minecraft:deepslate_iron_ore":16,"minecraft:dirt_path":2,"minecraft:stone":343,"create:veridium":7,"create:mechanical_press":5,"minecraft:smithing_table":1,"minecraft:kelp_plant":18,"minecraft:dandelion":1,"minecraft:crafting_table":5,"minecraft:torch":3,"minecraft:calcite":3,"minecraft:chest":1,"create:water_wheel":8,"minecraft:cobblestone":1,"minecraft:tall_grass":20,"minecraft:deepslate_gold_ore":7,"minecraft:sugar_cane":25,"minecraft:seagrass":3,"farmersdelight:sandy_shrub":1,"create:gearbox":4,"travelersbackpack:magenta_sleeping_bag":3,"minecraft:birch_log":13,"minecraft:spruce_log":41,"minecraft:stone_brick_stairs":3,"create:mechanical_drill":3,"minecraft:grass":80,"minecraft:oak_log":49,"minecraft:coal_ore":46,"minecraft:gravel":60,"minecraft:sand":29,"minecraft:dirt":201,"create:encased_chain_drive":10,"minecraft:smooth_basalt":5,"minecraft:stone_bricks":101,"create:andesite_funnel":1,"minecraft:oak_leaves":2,"minecraft:deepslate":48,"minecraft:fern":1}},"DataVersion":3465}