{"stats":{"minecraft:broken":{"minecraft:stone_pickaxe":2,"minecraft:iron_shovel":3,"minecraft:wooden_shovel":1,"minecraft:stone_axe":1,"minecraft:wooden_axe":1,"minecraft:stone_shovel":7},"minecraft:picked_up":{"minecraft:birch_log":6,"minecraft:crafting_table":3,"minecraft:allium":4,"farmersdelight:safety_net":10,"minecraft:flint":1,"minecraft:tuff":4,"minecraft:oak_log":151,"minecraft:string":1,"minecraft:dirt":951,"minecraft:iron_shovel":5,"minecraft:apple":6,"minecraft:wheat_seeds":13,"minecraft:cobbled_deepslate":52,"minecraft:raw_gold":2,"minecraft:iron_ingot":1,"minecraft:stone_pickaxe":1,"minecraft:smooth_basalt":5,"minecraft:stick":43,"minecraft:raw_iron":2,"minecraft:sweet_berries":5,"minecraft:torch":1,"minecraft:gravel":6,"minecraft:porkchop":1,"minecraft:spruce_sapling":3,"minecraft:white_bed":1,"minecraft:spruce_log":27,"minecraft:rotten_flesh":21,"minecraft:arrow":2,"minecraft:stone_shovel":1,"farmersdelight:onion":1,"minecraft:granite":4,"minecraft:oak_sapling":51,"minecraft:mutton":6,"minecraft:obsidian":1,"minecraft:coal":11,"minecraft:white_wool":3,"minecraft:cobblestone":102},"minecraft:dropped":{"minecraft:gravel":1,"minecraft:iron_ingot":1,"minecraft:obsidian":1,"minecraft:stone_shovel":1,"minecraft:cobblestone":2,"minecraft:dirt":287,"minecraft:stone_pickaxe":2},"minecraft:used":{"minecraft:iron_shovel":786,"minecraft:stone_shovel":1013,"minecraft:stone_pickaxe":262,"minecraft:wooden_pickaxe":9,"minecraft:wooden_shovel":59,"farmersdelight:onion":1,"minecraft:dirt":107,"minecraft:mutton":4,"minecraft:crafting_table":2,"minecraft:white_bed":1,"minecraft:wooden_axe":65,"minecraft:apple":5,"minecraft:stone_axe":171,"minecraft:cobblestone":68,"minecraft:sweet_berries":5,"minecraft:porkchop":1,"farmersdelight:safety_net":10,"minecraft:cobbled_deepslate":52},"minecraft:crafted":{"minecraft:wooden_shovel":1,"minecraft:stone_shovel":8,"minecraft:crafting_table":1,"minecraft:spruce_planks":28,"minecraft:wooden_pickaxe":1,"minecraft:stone_axe":3,"farmersdelight:safety_net":2,"minecraft:stick":8,"minecraft:stone_pickaxe":5,"minecraft:wooden_axe":1},"minecraft:custom":{"minecraft:interact_with_furnace":1,"minecraft:mob_kills":10,"minecraft:interact_with_crafting_table":15,"minecraft:time_since_death":194360,"minecraft:leave_game":9,"minecraft:sleep_in_bed":5,"minecraft:climb_one_cm":1588,"minecraft:time_since_rest":66211,"minecraft:sprint_one_cm":126892,"minecraft:walk_one_cm":709398,"minecraft:drop":17,"minecraft:damage_dealt":1605,"minecraft:swim_one_cm":4002,"minecraft:fly_one_cm":153810,"minecraft:open_chest":18,"minecraft:crouch_one_cm":4052,"minecraft:play_time":194360,"minecraft:sneak_time":1855,"minecraft:walk_under_water_one_cm":21381,"minecraft:jump":1570,"minecraft:walk_on_water_one_cm":29874,"minecraft:total_world_time":194360,"minecraft:fall_one_cm":67492},"minecraft:killed":{"minecraft:spider":1,"minecraft:sheep":3,"minecraft:skeleton":2,"minecraft:zombie":3},"minecraft:mined":{"minecraft:tuff":4,"minecraft:white_bed":1,"minecraft:crafting_table":3,"minecraft:glow_lichen":2,"minecraft:granite":11,"minecraft:allium":5,"minecraft:grass_block":905,"farmersdelight:safety_net":10,"minecraft:cobblestone":1,"minecraft:spruce_leaves":4,"minecraft:wall_torch":1,"farmersdelight:wild_onions":1,"minecraft:birch_log":6,"minecraft:iron_ore":1,"minecraft:sweet_berry_bush":3,"minecraft:spruce_log":28,"minecraft:grass":36,"minecraft:coal_ore":10,"minecraft:oak_log":138,"minecraft:dirt_path":1,"minecraft:deepslate_iron_ore":2,"expandeddelight:wild_asparagus":2,"minecraft:gravel":6,"minecraft:dirt":947,"minecraft:smooth_basalt":5,"minecraft:stone":101,"minecraft:oak_leaves":11,"minecraft:deepslate":54}},"DataVersion":3465}