{"stats":{"minecraft:killed_by":{"minecraft:player":1,"minecraft:skeleton":2,"minecraft:creeper":1,"minecraft:spider":2,"minecraft:zombie":1},"minecraft:mined":{"minecraft:white_bed":3,"minecraft:spruce_planks":9,"minecraft:torch":6,"minecraft:allium":1,"minecraft:grass_block":951,"minecraft:chest":6,"minecraft:cobblestone":2,"minecraft:oak_planks":64,"minecraft:sugar_cane":1,"minecraft:large_fern":2,"minecraft:birch_log":134,"minecraft:sweet_berry_bush":9,"minecraft:spruce_log":112,"minecraft:grass":22,"minecraft:cobblestone_slab":1,"minecraft:coal_ore":6,"minecraft:oak_log":305,"minecraft:dirt_path":10,"minecraft:dirt":976,"minecraft:stone":42,"create:veridium":27,"minecraft:oak_leaves":13,"minecraft:fern":2},"minecraft:custom":{"minecraft:interact_with_furnace":6,"minecraft:mob_kills":17,"minecraft:interact_with_crafting_table":30,"minecraft:bell_ring":37,"minecraft:leave_game":2,"minecraft:time_since_death":33440,"minecraft:sleep_in_bed":5,"minecraft:climb_one_cm":1378,"minecraft:time_since_rest":33467,"minecraft:sprint_one_cm":441020,"minecraft:damage_taken":2340,"minecraft:walk_one_cm":653111,"minecraft:drop":63,"minecraft:damage_dealt":2311,"minecraft:swim_one_cm":27974,"minecraft:fly_one_cm":554369,"minecraft:open_chest":22,"minecraft:crouch_one_cm":735,"minecraft:play_time":178323,"minecraft:deaths":8,"minecraft:sneak_time":196,"minecraft:walk_under_water_one_cm":5694,"minecraft:jump":2671,"minecraft:walk_on_water_one_cm":14268,"minecraft:total_world_time":178323,"minecraft:fall_one_cm":54143},"minecraft:broken":{"minecraft:iron_shovel":3,"minecraft:stone_axe":4,"minecraft:wooden_axe":1,"minecraft:stone_shovel":6},"minecraft:killed":{"minecraft:pig":4,"minecraft:spider":2,"minecraft:sheep":3,"minecraft:skeleton":1,"minecraft:chicken":3,"minecraft:cow":4},"minecraft:used":{"minecraft:iron_shovel":948,"minecraft:stone_pickaxe":103,"minecraft:stone_shovel":995,"minecraft:oak_planks":761,"minecraft:spruce_planks":249,"minecraft:chest":28,"minecraft:wooden_pickaxe":3,"minecraft:stone":94,"minecraft:cobblestone_slab":8,"minecraft:torch":14,"minecraft:dirt":767,"minecraft:mutton":5,"minecraft:crafting_table":4,"minecraft:white_bed":6,"minecraft:painting":8,"minecraft:oak_log":118,"minecraft:wooden_axe":43,"minecraft:apple":1,"minecraft:chicken":3,"minecraft:item_frame":11,"minecraft:stone_axe":757,"minecraft:beef":3,"minecraft:sweet_berries":5,"minecraft:porkchop":4,"minecraft:egg":1},"minecraft:picked_up":{"minecraft:birch_log":64,"minecraft:allium":1,"minecraft:feather":3,"minecraft:chicken":4,"minecraft:leather":7,"minecraft:wooden_pickaxe":1,"minecraft:oak_log":187,"minecraft:string":5,"minecraft:dirt":1998,"minecraft:item_frame":4,"minecraft:iron_shovel":8,"minecraft:bone":1,"minecraft:apple":5,"minecraft:wheat_seeds":1,"minecraft:spruce_planks":9,"minecraft:beef":8,"minecraft:cobblestone_slab":1,"minecraft:sugar_cane":2,"minecraft:chest":6,"minecraft:birch_sapling":8,"minecraft:oak_planks":65,"minecraft:egg":1,"minecraft:stick":54,"minecraft:sweet_berries":10,"minecraft:torch":7,"minecraft:gravel":1,"minecraft:porkchop":4,"minecraft:spruce_sapling":12,"minecraft:white_bed":3,"minecraft:spruce_log":103,"minecraft:spider_eye":1,"minecraft:stone_sword":1,"minecraft:arrow":2,"minecraft:rotten_flesh":6,"minecraft:painting":7,"create:veridium":26,"minecraft:oak_sapling":36,"minecraft:mutton":5,"minecraft:coal":5,"minecraft:white_wool":3,"minecraft:cobblestone":70},"minecraft:dropped":{"minecraft:stone_axe":1,"minecraft:sweet_berries":5,"minecraft:oak_log":1,"minecraft:stone_sword":1,"minecraft:chicken":1,"minecraft:oak_planks":2,"minecraft:dirt":566,"minecraft:iron_shovel":5},"minecraft:crafted":{"minecraft:item_frame":7,"minecraft:oak_planks":976,"minecraft:cobblestone_slab":18,"minecraft:stone_shovel":8,"minecraft:crafting_table":4,"minecraft:spruce_planks":412,"minecraft:stone":95,"minecraft:stone_axe":7,"minecraft:painting":1,"minecraft:stick":64,"minecraft:stone_pickaxe":1,"minecraft:wooden_axe":1,"minecraft:chest":22,"minecraft:white_bed":3,"minecraft:torch":8}},"DataVersion":3465}